size,test_mse,seeds50,0.17842181026935577,5043
50,0.13453693687915802,5042
50,0.16226844489574432,5044
50,0.4744325280189514,5045
50,0.2016502320766449,5046
51,0.15729589760303497,5142
51,0.1238485723733902,5143
51,0.15666800737380981,5144
51,0.13605836033821106,5145
51,0.2688090205192566,5146
53,0.11221856623888016,5342
53,0.5075247287750244,5343
53,0.26399773359298706,5344
53,0.38655608892440796,5346
55,0.26933565735816956,5542
53,0.20985153317451477,5345
55,0.14856494963169098,5544
55,0.1476273536682129,5543
55,0.3214517831802368,5545
55,0.1497560292482376,5546
57,0.1976684182882309,5743
57,0.12348926067352295,5742
57,0.15009179711341858,5746
57,0.10601343214511871,5744
57,0.2019832581281662,5745
59,0.1926955133676529,5944
59,0.1394890546798706,5942
59,0.27487555146217346,5943
59,0.17723412811756134,5945
61,0.17790675163269043,6142
59,0.16331399977207184,5946
61,0.13045334815979004,6143
61,0.22426632046699524,6144
61,0.3617216646671295,6145
61,0.2525597810745239,6146
63,0.092290498316288,6342
63,0.21234458684921265,6343
63,0.12846599519252777,6345
63,0.2327173948287964,6344
63,0.34505394101142883,6346
66,0.20696155726909637,6642
66,0.07625173032283783,6643
66,0.2283596694469452,6644
66,0.17935432493686676,6646
66,0.12618374824523926,6645
68,0.18350990116596222,6842
68,0.22341525554656982,6844
68,0.10056816786527634,6843
68,0.2084151804447174,6845
68,0.3406699299812317,6846
70,0.11511029303073883,7042
70,0.13150694966316223,7044
70,0.20476020872592926,7043
70,0.15902625024318695,7046
70,0.1752803772687912,7045
73,0.1425783932209015,7342
73,0.2529672384262085,7343
73,0.1872934252023697,7344
73,0.100211501121521,7345
76,0.23367497324943542,7642
76,0.09598565101623535,7643
73,0.13886134326457977,7346
76,0.20993737876415253,7645
76,0.13163402676582336,7644
76,0.09846414625644684,7646
78,0.12864504754543304,7842
78,0.1174854189157486,7843
78,0.13513754308223724,7844
78,0.16872242093086243,7846
81,0.15161241590976715,8142
78,0.1573934257030487,7845
81,0.19317206740379333,8143
81,0.16903619468212128,8144
81,0.14973537623882294,8145
81,0.11256296187639236,8146
84,0.17853131890296936,8442
84,0.1652093231678009,8444
84,0.0872766450047493,8443
84,0.1537066102027893,8446
84,0.14097146689891815,8445
87,0.16311529278755188,8742
87,0.13431984186172485,8743
87,0.10689926147460938,8744
90,0.24328769743442535,9042
87,0.11012448370456696,8746
87,0.06433276832103729,8745
90,0.21957270801067352,9044
90,0.08661779016256332,9043
90,0.11266080290079117,9045
90,0.19785979390144348,9046
93,0.21050237119197845,9342
93,0.12854193150997162,9343
93,0.1355130821466446,9344
93,0.10563240945339203,9345
93,0.1517704576253891,9346
97,0.14485780894756317,9742
97,0.1453193724155426,9743
97,0.2244359701871872,9744
97,0.10082126408815384,9745
100,0.12385912984609604,10042
97,0.12945151329040527,9746
100,0.1394558995962143,10043
100,0.129392609000206,10044
100,0.14176544547080994,10046
100,0.12874735891819,10045
104,0.13850021362304688,10442
104,0.14680087566375732,10444
104,0.11687998473644257,10443
104,0.10210172086954117,10445
107,0.18248870968818665,10742
104,0.08030536770820618,10446
107,0.2860660254955292,10744
107,0.1295519769191742,10743
107,0.14962060749530792,10745
107,0.1330118477344513,10746
111,0.13808362185955048,11142
111,0.14164693653583527,11143
111,0.1128733828663826,11144
111,0.14377310872077942,11145
111,0.15603742003440857,11146
115,0.12957224249839783,11542
115,0.07276823371648788,11543
115,0.10909755527973175,11544
115,0.2029293328523636,11545
119,0.2345145046710968,11943
115,0.175371453166008,11546
119,0.07481199502944946,11942
119,0.08767551183700562,11944
119,0.21631719172000885,11945
123,0.17880278825759888,12342
119,0.13702745735645294,11946
123,0.11721730977296829,12343
123,0.11665111035108566,12345
123,0.10222668200731277,12344
123,0.11278387159109116,12346
128,0.08759278059005737,12842
128,0.08290132135152817,12843
128,0.09377671778202057,12844
128,0.15291990339756012,12845
128,0.13580919802188873,12846
132,0.15891383588314056,13242
132,0.13604792952537537,13243
132,0.11661969125270844,13244
132,0.12399417906999588,13245
132,0.1561482846736908,13246
137,0.1261964589357376,13742
137,0.11818154901266098,13743
137,0.16042669117450714,13744
137,0.16771140694618225,13746
142,0.11654285341501236,14242
137,0.12276466190814972,13745
142,0.08147656917572021,14243
142,0.12520872056484222,14244
142,0.09672568738460541,14245
142,0.14719250798225403,14246
147,0.12544462084770203,14742
147,0.0902075543999672,14743
147,0.09665139019489288,14744
147,0.12701919674873352,14745
152,0.17377866804599762,15242
147,0.09680072218179703,14746
152,0.11409763991832733,15244
152,0.0955316498875618,15243
152,0.10265064239501953,15245
158,0.15571525692939758,15842
152,0.11678936332464218,15246
158,0.10190736502408981,15843
158,0.2026972472667694,15844
158,0.14238543808460236,15845
163,0.1122322827577591,16342
158,0.08101315051317215,15846
163,0.07913365215063095,16343
163,0.09817363321781158,16344
163,0.09236332774162292,16345
163,0.13403122127056122,16346
169,0.12435922026634216,16942
169,0.11070800572633743,16943
169,0.08880458027124405,16944
169,0.1895209401845932,16946
169,0.152662992477417,16945
175,0.10373546183109283,17544
175,0.11085513979196548,17542
175,0.08431274443864822,17543
175,0.14653828740119934,17545
175,0.15433700382709503,17546
182,0.09603624045848846,18242
182,0.08152655512094498,18243
182,0.1545238196849823,18245
182,0.07296881824731827,18244
182,0.11812425404787064,18246
188,0.14404912292957306,18842
188,0.160334512591362,18843
188,0.14790694415569305,18844
188,0.11714528501033783,18845
188,0.1404055505990982,18846
195,0.1387404352426529,19542
195,0.1388659030199051,19544
195,0.11342742294073105,19545
195,0.11167629808187485,19543
195,0.11518050730228424,19546
202,0.1517578661441803,20242
202,0.12691882252693176,20243
202,0.19633527100086212,20244
202,0.12993201613426208,20245
202,0.11073481291532516,20246
209,0.15576575696468353,20942
209,0.11626185476779938,20944
209,0.13575391471385956,20943
209,0.1014653742313385,20945
216,0.11600648611783981,21642
209,0.07261750847101212,20946
216,0.11305946111679077,21643
216,0.11014343053102493,21644
216,0.12356927245855331,21645
216,0.13704779744148254,21646
224,0.13962742686271667,22442
224,0.11724289506673813,22443
224,0.11669903248548508,22444
224,0.1340750902891159,22445
232,0.10909200459718704,23242
224,0.12529301643371582,22446
232,0.13961365818977356,23243
232,0.11437903344631195,23245
232,0.09915591776371002,23244
240,0.18434062600135803,24042
232,0.07451705634593964,23246
240,0.11002858728170395,24043
240,0.11257980018854141,24045
240,0.06819063425064087,24044
240,0.10140777379274368,24046
249,0.14744053781032562,24943
249,0.10575631260871887,24942
249,0.0997227281332016,24944
249,0.12613534927368164,24945
249,0.09121634066104889,24946
258,0.08875135332345963,25842
258,0.12377067655324936,25843
258,0.14332374930381775,25845
258,0.07370547205209732,25844
258,0.1283944547176361,25846
267,0.09433983266353607,26742
267,0.11623632907867432,26744
267,0.11285492032766342,26743
267,0.1286073625087738,26745
276,0.19354303181171417,27642
267,0.11114683002233505,26746
276,0.12314927577972412,27643
276,0.08181316405534744,27644
276,0.12123684585094452,27645
276,0.17013958096504211,27646
286,0.14125649631023407,28642
286,0.11249923706054688,28643
286,0.0977138876914978,28644
286,0.10587338358163834,28645
286,0.11204072088003159,28646
296,0.10342630743980408,29642
296,0.10121337324380875,29644
296,0.08684942126274109,29643
296,0.11513363569974899,29645
307,0.10166645795106888,30742
296,0.12388301640748978,29646
307,0.11740314215421677,30743
307,0.07425318658351898,30744
307,0.13789759576320648,30746
307,0.08039319515228271,30745
318,0.12014308571815491,31842
318,0.07853836566209793,31843
318,0.09122201800346375,31844
318,0.1297679841518402,31846
318,0.14416734874248505,31845
329,0.10681205242872238,32942
329,0.08053739368915558,32943
329,0.109281025826931,32945
329,0.09028346091508865,32944
329,0.12470868974924088,32946
341,0.10555295646190643,34142
341,0.10570453107357025,34143
341,0.10415645688772202,34144
341,0.09964171797037125,34146
341,0.1343468278646469,34145
353,0.10814020037651062,35342
353,0.12108459323644638,35344
353,0.1176605075597763,35345
353,0.1168522983789444,35343
366,0.1231657937169075,36643
353,0.0767197534441948,35346
366,0.09994293004274368,36642
366,0.09327272325754166,36644
366,0.09417756646871567,36645
366,0.09871608763933182,36646
379,0.0797293558716774,37942
379,0.11698287725448608,37944
379,0.08408304303884506,37943
379,0.0798407718539238,37945
392,0.11526094377040863,39242
379,0.09306567907333374,37946
392,0.11705674231052399,39243
392,0.11802110075950623,39244
392,0.08687790483236313,39245
392,0.11287084221839905,39246
406,0.07968328893184662,40642
406,0.09349269419908524,40643
406,0.09657911211252213,40644
406,0.1443835198879242,40645
406,0.11114213615655899,40646
421,0.07221303880214691,42142
421,0.12077435851097107,42143
421,0.08069628477096558,42144
421,0.12627838551998138,42145
421,0.10309675335884094,42146
436,0.10628578066825867,43642
436,0.08439967781305313,43643
436,0.11499273031949997,43645
436,0.12063024193048477,43644
451,0.10110726952552795,45143
436,0.08687438815832138,43646
451,0.1036975085735321,45142
451,0.0860619843006134,45144
451,0.12765240669250488,45145
451,0.09615340828895569,45146
467,0.10982336848974228,46742
467,0.10009582340717316,46743
467,0.10529308766126633,46744
467,0.1220112293958664,46745
484,0.10849746316671371,48442
467,0.09151109308004379,46746
484,0.07847706973552704,48443
484,0.10819654166698456,48444
484,0.10159152001142502,48445
484,0.10210224241018295,48446
501,0.09367508441209793,50142
501,0.10320957750082016,50143
501,0.12151863425970078,50144
501,0.10379199683666229,50145
501,0.09128311276435852,50146
519,0.09978624433279037,51942
519,0.11453796178102493,51943
519,0.09667311608791351,51944
519,0.09289699047803879,51945
519,0.11433286219835281,51946
537,0.10681048780679703,53742
537,0.10109704732894897,53743
537,0.09376754611730576,53744
537,0.10613663494586945,53745
537,0.12405208498239517,53746
556,0.10716301947832108,55642
556,0.1045648381114006,55643
556,0.11900142580270767,55644
556,0.09298457950353622,55645
556,0.07660116255283356,55646
576,0.09973547607660294,57642
576,0.08766879141330719,57643
576,0.1166546568274498,57644
576,0.10340093076229095,57645
576,0.10281588137149811,57646
597,0.09863149374723434,59742
597,0.10869802534580231,59743
597,0.08434005826711655,59744
597,0.08652707189321518,59745
597,0.1141657680273056,59746
618,0.1129908561706543,61842
618,0.11480845510959625,61843
618,0.08273644000291824,61844
618,0.09046680480241776,61845
618,0.09409204870462418,61846
640,0.09018189460039139,64042
640,0.11636671423912048,64043
640,0.10278293490409851,64044
640,0.09344915300607681,64045
640,0.1313713937997818,64046
663,0.10980688780546188,66342
663,0.09371007978916168,66343
663,0.09091439098119736,66344
663,0.08798422664403915,66345
663,0.10694333165884018,66346
686,0.08920124173164368,68642
686,0.09860486537218094,68643
686,0.11182958632707596,68644
686,0.08404301106929779,68645
686,0.11003407835960388,68646
711,0.09829355031251907,71142
711,0.09992089122533798,71143
711,0.10969647765159607,71144
711,0.12212581187486649,71145
711,0.10642032325267792,71146
736,0.10722889751195908,73642
736,0.09722717106342316,73643
736,0.0917700007557869,73644
736,0.08819179981946945,73645
736,0.1184677854180336,73646
762,0.09268981963396072,76242
762,0.10898113250732422,76243
762,0.09999803453683853,76244
762,0.09975283592939377,76245
762,0.09038005769252777,76246
789,0.10417772084474564,78942
789,0.09300804883241653,78943
789,0.10551413893699646,78944
789,0.10214854031801224,78945
789,0.11277049034833908,78946
817,0.10619643330574036,81742
817,0.09803618490695953,81743
817,0.08881542831659317,81744
817,0.09332321584224701,81745
817,0.08697259426116943,81746
846,0.08539970219135284,84642
846,0.10445205122232437,84643
846,0.10079480707645416,84644
846,0.08383496850728989,84645
846,0.08736661821603775,84646
876,0.09435610473155975,87642
876,0.11786048859357834,87643
876,0.09791626036167145,87644
876,0.1055886372923851,87645
876,0.10273194313049316,87646
908,0.0935840979218483,90842
908,0.10012956708669662,90843
908,0.09725195914506912,90844
908,0.09881742298603058,90845
908,0.09556923061609268,90846
940,0.08542251586914062,94042
940,0.08609001338481903,94043
940,0.09858114272356033,94044
940,0.08680443465709686,94045
940,0.11064912378787994,94046
973,0.10373643040657043,97342
973,0.08984436094760895,97343
973,0.09320441633462906,97344
973,0.09240417182445526,97345
973,0.09159419685602188,97346
1008,0.09118495881557465,100842
1008,0.10904964059591293,100843
1008,0.09237466752529144,100844
1008,0.0947345495223999,100845
1008,0.10768470168113708,100846
1044,0.09480489790439606,104442
1044,0.10839012265205383,104443
1044,0.09204728901386261,104444
1044,0.08922508358955383,104445
1044,0.09342806786298752,104446
1081,0.09561385959386826,108142
1081,0.09071510285139084,108143
1081,0.10902777314186096,108144
1081,0.09189329296350479,108145
1081,0.09977911412715912,108146
1119,0.09871149063110352,111942
1119,0.08993139117956161,111943
1119,0.10739238560199738,111944
1119,0.09183541685342789,111945
1119,0.09343576431274414,111946
1159,0.09216252714395523,115942
1159,0.10182598233222961,115943
1159,0.09414254873991013,115944
1159,0.09605954587459564,115945
1159,0.10368478298187256,115946
1200,0.10238499194383621,120042
1200,0.0981018915772438,120043
1200,0.09583915770053864,120044
1200,0.10455695539712906,120045
1200,0.09814497083425522,120046
1243,0.10328088700771332,124342
1243,0.09349722415208817,124343
1243,0.09005901217460632,124344
1243,0.10483311116695404,124345
1243,0.10645702481269836,124346
1287,0.10030746459960938,128742
1287,0.09452395886182785,128743
1287,0.0916576012969017,128744
1287,0.0935148373246193,128745
1287,0.09413252025842667,128746
1333,0.09059368073940277,133342
1333,0.09613889455795288,133343
1333,0.09697247296571732,133344
1333,0.09197967499494553,133345
1333,0.09414153546094894,133346
1380,0.09712924808263779,138042
1380,0.09281254559755325,138043
1380,0.09365787357091904,138044
1380,0.09971147030591965,138045
1380,0.09087538719177246,138046
1430,0.09870614856481552,143042
1430,0.09061010926961899,143043
1430,0.09311068058013916,143044
1430,0.09468824416399002,143045
1430,0.09440747648477554,143046
1480,0.09318574517965317,148042
1480,0.10428068041801453,148043
1480,0.09545717388391495,148044
1480,0.09439755231142044,148045
1480,0.10386968404054642,148046
1533,0.09492099285125732,153342
1533,0.09398175776004791,153343
1533,0.09541092067956924,153344
1533,0.10514379292726517,153345
1533,0.09633603692054749,153346
1588,0.09512405097484589,158842
1588,0.0936618372797966,158843
1588,0.09427537769079208,158844
1588,0.09405132383108139,158845
1588,0.09386932104825974,158846
