Lch,Wch,Tch,Tox1,Tox2
31.96,59.63,6.85,0.77,1.65
23.1,23.39,7.65,1.1,1.75
28.66,27.09,4.72,0.64,2.01
34.6,36.33,5.88,1.07,1.64
34.66,49.03,4.1,0.87,1.6
30.14,70.99,7.02,0.98,2.19
32.93,57.64,6.73,1.05,1.81
28.53,69.24,6.49,0.67,2.17
21.67,60.4,7.32,0.52,1.67
28.02,66.32,6.23,1.03,1.91
16.03,69.47,6.81,0.24,2.12
22.36,21.39,6.93,0.61,1.94
30.49,44.41,4.46,1.09,2.1
16.05,48.7,7.07,0.93,1.71
30.51,62.09,5.43,1.16,1.65
33.51,72.52,7.92,1.08,1.56
19.1,44.73,6.17,0.92,1.56
26.85,28.81,6.7,0.63,1.79
16.46,59.94,6.84,0.57,1.85
26.79,48.36,7.8,0.97,2.17
29.28,38.04,5.17,0.73,1.97
33.68,31.79,7.56,0.2,1.86
21.47,54.77,5.04,0.42,1.55
16.36,57.02,5.01,0.95,1.53
34.94,15.21,4.41,0.46,1.63
17.11,31.4,7.9,1.16,1.88
19.42,33.6,5.47,0.95,1.64
29.94,76.53,6.23,0.93,1.85
19.57,34.5,5.93,0.72,1.83
27.43,74.74,7.79,0.46,2.07
31.9,64.87,5.77,0.65,1.94
26.12,76.27,5.95,0.39,1.79
25.77,54.1,5.04,0.81,2.05
18.93,26.01,5.19,1.18,1.75
18.85,16.3,5.67,0.48,1.56
19.45,47.79,7.77,0.71,1.82
27.21,42.23,4.16,0.35,2.02
18.88,26.39,6.25,0.26,1.92
30.83,48.59,4.18,0.48,1.79
21.77,23.99,7.45,0.28,1.57
24.68,56.66,7.99,0.89,1.56
22.93,58.17,4.54,0.32,2.12
22.4,44.1,6.63,0.97,2.15
15.21,41.63,7.92,0.93,1.53
20.51,54.22,7.02,0.98,2.18
27.72,67.99,5.8,0.23,1.69
34.48,19.77,7.07,1.08,1.93
29.36,21.75,4.09,0.41,1.58
16.61,49.46,6.73,1.05,2.06
19.98,61.45,5.69,0.47,1.78
33.48,37.59,6.79,0.71,1.84
15.17,78.14,5.36,1.18,1.82
22.64,63.33,5.14,0.93,2.18
33.06,68.12,4.87,0.67,1.9
19.54,70.77,7.95,0.66,1.92
34.17,29.5,7.88,0.23,2.15
22.89,76.3,5.82,0.45,2.1
26.67,64.7,5.46,0.39,1.57
21.87,66.44,4.69,0.95,1.77
26.13,39.72,5.92,0.76,1.79
34.84,39.19,6.93,0.85,1.77
18.22,34.99,6.98,0.71,1.86
18.53,76.61,6.49,0.68,2.12
25.53,38.24,6.98,0.77,1.62
33.31,69.55,6.51,0.96,2.09
28.56,60.53,6.6,0.48,1.52
20.44,22.47,5.37,0.92,1.68
21.89,48.79,7.21,1.18,2.0
18.49,19.58,5.12,0.64,1.58
25.62,17.83,5.11,0.6,2.06
17.98,67.91,7.28,0.51,1.59
17.03,64.07,7.51,0.26,1.54
28.72,52.29,4.03,0.6,1.58
26.82,30.53,6.59,0.82,1.64
20.26,62.27,4.55,0.98,2.11
23.34,25.0,4.9,0.35,2.15
23.76,33.91,4.18,0.32,1.8
32.16,40.82,5.97,0.2,1.89
21.43,24.3,7.9,0.42,1.94
23.94,49.72,7.88,0.39,1.59
25.34,58.52,6.09,0.47,1.9
31.38,42.51,5.4,1.02,1.89
24.84,41.25,6.95,0.54,2.2
23.68,39.8,4.81,0.41,1.62
24.49,15.89,5.05,0.64,1.52
22.2,25.7,7.98,0.24,2.15
18.82,74.09,7.81,0.34,1.59
32.77,51.38,4.45,0.58,1.72
23.29,78.34,7.51,0.51,2.12
27.09,45.72,5.84,0.22,1.88
21.12,72.83,6.02,0.78,2.1
25.9,44.95,7.41,0.74,1.83
16.1,21.52,6.91,0.8,1.97
28.24,58.82,7.04,0.27,2.04
16.94,35.45,4.62,0.53,1.61
32.75,40.57,6.48,0.55,1.77
29.81,72.59,4.99,0.56,1.97
19.91,33.37,5.1,0.95,1.95
25.75,44.14,7.38,0.53,1.71
34.08,18.83,6.48,1.14,1.85
32.39,49.39,4.41,0.5,1.73
20.34,26.35,5.34,0.5,1.53
34.91,75.12,6.22,0.48,1.96
30.31,44.03,7.06,1.14,1.7
27.6,77.17,7.83,1.19,1.86
20.74,62.73,4.67,1.09,1.68
18.97,66.9,5.53,0.35,1.55
20.05,75.8,5.99,0.26,1.93
33.24,78.53,7.11,0.42,1.66
19.49,26.74,5.26,0.9,1.93
25.29,70.48,4.19,0.86,1.66
25.34,56.4,4.78,0.48,1.85
23.76,17.07,6.11,1.05,2.07
15.03,60.84,7.63,0.96,2.05
16.16,59.15,7.63,0.94,1.87
27.56,79.44,5.63,1.04,1.97
22.73,20.43,4.46,0.35,1.59
18.51,42.66,5.78,0.51,2.06
30.11,52.92,7.84,0.83,1.83
15.41,72.75,6.67,0.73,2.19
15.34,55.66,7.65,0.66,2.08
32.64,55.45,6.39,0.52,2.09
33.1,58.55,5.33,0.71,2.01
28.39,16.7,6.45,0.25,1.61
26.09,73.42,7.66,0.76,1.62
31.66,17.31,6.66,0.85,2.05
16.07,77.0,6.16,0.87,1.83
28.09,73.53,7.5,1.12,1.73
25.05,73.99,5.01,0.53,2.02
17.29,65.8,5.62,0.72,1.96
26.96,40.04,6.16,0.49,1.95
19.65,39.29,6.4,0.32,1.99
33.54,70.64,5.24,0.55,1.98
30.95,31.0,5.0,0.4,1.7
30.29,67.45,4.7,0.99,2.11
30.38,17.99,4.07,0.34,2.13
23.46,52.55,4.68,0.84,1.51
21.23,39.84,6.86,0.92,2.0
17.22,33.84,5.06,0.87,2.19
34.86,61.21,4.83,0.2,2.08
23.78,35.96,6.97,0.5,2.18
33.42,29.95,5.64,0.7,2.05
15.37,18.13,6.4,0.69,2.04
22.07,42.06,7.94,1.01,2.08
20.68,15.03,4.59,0.43,1.76
19.0,64.34,7.82,0.88,2.06
17.43,63.58,5.14,0.9,2.07
34.62,47.64,7.31,1.05,1.7
22.1,78.03,5.86,1.12,1.92
15.45,28.03,5.43,0.7,2.15
32.3,45.47,6.68,0.99,1.85
33.66,58.81,5.27,1.0,1.61
20.02,30.39,7.6,1.09,1.86
21.82,70.22,7.05,0.52,1.51
34.89,53.04,5.35,0.49,1.56
22.02,60.32,5.54,0.22,2.07
28.12,59.89,4.13,0.7,1.64
31.57,24.84,6.43,0.79,2.17
33.15,56.23,7.43,0.3,1.99
22.43,16.93,4.09,1.02,1.7
27.59,54.94,4.38,0.58,2.12
25.69,69.09,7.03,0.88,2.03
15.72,42.14,4.58,1.02,2.03
33.35,43.37,4.53,1.16,1.82
26.03,25.74,7.76,0.62,2.02
27.37,26.27,4.52,1.07,1.61
20.85,37.27,6.79,1.13,1.52
17.9,20.84,4.88,0.33,2.08
19.23,26.67,4.79,0.75,1.79
28.9,66.13,6.97,0.92,2.09
21.56,28.22,8.0,0.49,1.76
17.21,38.32,6.31,0.82,1.53
21.74,68.81,4.47,1.16,2.16
19.48,45.68,6.12,0.87,1.82
25.15,76.7,7.91,1.11,2.19
23.24,27.93,7.52,0.47,1.86
21.15,22.12,4.56,0.25,1.73
16.0,41.08,5.09,0.63,2.13
23.08,48.24,6.09,0.68,1.65
32.41,61.62,5.27,0.64,1.73
30.44,54.58,6.01,1.01,1.69
17.17,33.41,4.13,0.64,2.04
20.08,71.92,4.33,0.35,2.08
24.29,35.06,4.86,0.65,1.95
30.03,45.88,6.71,0.23,2.0
21.63,34.25,5.21,0.93,1.62
23.44,26.49,6.57,0.5,1.78
31.6,46.36,7.99,0.47,1.98
33.73,39.37,5.07,0.59,1.95
25.88,60.22,4.51,1.1,1.98
33.22,66.27,5.51,0.67,2.19
29.21,20.92,4.33,0.29,1.81
18.67,42.24,6.65,0.44,1.93
18.47,52.4,6.18,0.66,1.72
34.81,74.26,6.58,0.66,2.17
26.97,50.59,6.46,0.31,2.02
30.79,77.57,5.19,0.54,1.69
31.21,37.83,4.83,0.9,1.9
17.76,59.55,4.04,0.78,2.14
27.85,56.01,6.8,0.44,1.93
24.51,25.89,7.68,1.14,1.86
34.57,44.85,6.13,0.8,2.2
34.33,60.82,7.87,1.02,1.81
29.19,55.86,5.87,0.84,1.56
22.52,53.93,6.67,0.28,1.84
27.96,56.47,6.41,1.03,2.18
19.85,48.49,4.05,0.78,1.52
25.71,49.59,5.67,0.99,2.14
24.39,43.89,4.19,0.83,1.99
24.1,53.43,4.06,0.58,1.67
25.55,45.03,7.18,1.12,2.11
18.65,76.77,7.24,0.4,1.81
31.77,51.25,6.78,1.12,2.14
28.34,78.07,4.57,0.34,1.63
17.88,33.2,7.11,1.06,1.77
32.88,58.27,6.54,0.45,1.64
18.38,46.49,6.89,0.49,1.9
27.12,32.68,4.93,0.39,1.7
34.51,52.65,5.6,1.1,2.14
27.82,75.91,4.8,0.56,2.13
18.92,79.02,4.53,0.22,1.98
28.54,20.48,6.29,0.75,1.91
15.4,70.18,7.98,1.0,2.11
28.61,24.1,4.69,0.67,1.65
24.75,73.74,6.44,0.95,2.1
23.57,26.94,7.57,0.36,1.66
20.01,44.77,4.22,0.55,1.81
33.86,41.74,5.27,0.28,1.94
29.56,28.4,7.77,0.5,1.59
31.65,50.26,7.26,0.82,2.01
27.45,44.64,5.88,0.85,1.69
29.17,60.71,7.12,1.07,2.01
20.77,15.54,5.98,0.94,1.66
16.4,19.19,6.65,0.9,2.13
19.06,38.43,7.52,0.84,1.9
15.69,54.3,6.6,0.42,1.86
22.58,41.8,5.04,1.17,1.89
31.12,75.03,5.37,0.28,1.76
25.12,49.3,7.51,0.87,2.13
17.45,75.89,6.82,1.1,1.74
23.87,70.3,6.36,1.13,1.91
27.89,63.2,4.71,1.17,1.7
24.01,53.64,5.42,0.76,1.99
33.66,79.54,5.31,0.8,1.96
30.16,78.64,6.16,0.64,1.57
24.94,56.86,6.32,0.59,1.64
29.24,43.62,5.37,1.19,2.05
28.88,76.88,7.01,0.38,2.15
28.2,49.24,6.1,0.44,1.63
25.93,31.58,5.59,0.37,1.61
23.99,34.42,4.65,0.92,2.07
31.33,67.09,5.6,1.19,1.88
24.91,50.36,7.97,0.72,1.84
28.63,64.75,6.5,0.7,1.6
24.07,41.45,4.43,0.23,1.73
28.67,58.91,5.95,0.98,1.74
16.42,40.26,7.44,0.26,2.2
34.63,66.82,7.49,0.54,1.6
21.62,29.7,5.78,1.2,1.73
15.34,19.73,6.28,0.75,1.72
27.75,52.09,5.24,0.88,1.68
26.71,42.85,6.42,1.1,1.54
17.15,52.48,5.18,0.63,1.63
20.75,70.61,4.22,0.71,2.05
22.78,46.31,6.06,0.66,1.87
30.91,47.35,6.08,0.5,2.19
30.21,63.82,4.95,0.55,1.55
22.02,64.57,6.75,0.4,1.54
31.12,61.76,6.99,0.84,1.98
25.01,43.21,5.15,0.71,1.95
23.84,23.93,6.96,0.91,1.95
20.54,41.05,5.07,0.81,1.6
26.16,15.11,7.53,1.02,2.13
30.64,17.25,4.74,1.0,1.54
29.67,26.82,6.11,0.58,1.78
18.11,27.71,6.71,0.32,1.74
34.49,32.25,5.63,0.27,1.91
16.85,74.69,5.06,0.9,1.99
27.0,26.09,6.56,0.68,1.85
26.31,68.43,4.09,0.99,1.88
22.06,31.52,7.75,0.44,1.9
25.24,47.49,7.24,0.32,2.07
19.09,61.12,5.53,1.01,2.14
15.53,20.38,6.03,0.37,2.16
17.71,33.47,4.97,0.69,1.71
29.06,30.27,5.0,0.47,1.96
24.32,49.57,4.25,0.56,1.62
26.77,31.86,7.24,0.44,2.04
20.45,35.81,5.57,1.15,1.69
21.11,78.81,7.47,0.8,2.01
32.42,55.02,4.08,1.0,1.57
21.7,29.21,7.29,1.0,1.54
32.24,15.17,4.89,0.46,2.12
24.45,68.74,4.84,0.61,1.59
24.54,37.07,7.05,0.84,1.67
19.03,63.11,7.53,0.72,2.1
19.84,22.71,5.99,0.93,1.84
26.68,41.14,6.24,1.06,1.79
18.02,54.42,5.84,0.92,1.65
20.31,67.01,6.02,1.19,1.55
17.69,62.14,6.74,0.81,1.52
22.45,30.12,5.65,0.28,1.91
26.05,32.18,7.59,0.48,1.54
31.58,24.22,4.52,0.26,2.0
16.78,58.97,5.68,0.27,1.63
29.64,41.51,6.2,0.39,2.13
16.75,63.55,7.47,0.88,1.6
33.11,60.45,4.81,0.56,2.2
25.65,48.28,7.39,1.09,1.93
25.87,79.74,6.47,1.06,1.53
26.87,53.15,5.93,0.24,1.91
31.42,66.62,4.9,1.07,1.88
32.9,59.04,7.56,1.18,1.62
19.05,78.95,6.67,0.57,1.53
29.9,27.95,7.6,0.54,2.02
27.23,66.06,5.87,0.24,1.82
23.91,22.51,7.78,0.82,1.8
20.23,63.23,5.56,1.05,1.93
16.68,32.83,5.41,0.46,2.16
25.99,72.11,5.86,0.46,2.11
30.35,77.4,7.33,0.84,2.11
25.96,75.27,4.7,0.32,1.56
33.0,74.9,6.48,0.67,1.98
29.87,41.31,5.49,0.28,1.72
28.81,22.33,7.97,0.21,1.57
16.35,65.47,7.02,1.15,1.51
31.04,22.58,6.69,0.7,1.94
22.27,41.71,7.38,0.73,1.89
17.91,30.96,7.25,0.31,1.67
19.68,49.07,7.1,0.69,1.95
26.49,53.97,7.09,0.69,1.7
24.81,52.22,7.74,1.08,2.08
31.23,43.79,7.8,0.99,1.76
20.13,36.74,4.38,0.76,1.97
19.2,18.68,7.58,0.96,2.01
21.44,27.06,7.46,1.16,1.83
21.34,72.36,5.61,1.15,1.54
17.66,46.71,5.42,1.17,2.14
29.02,40.12,6.2,0.44,2.05
29.5,55.05,6.35,1.08,1.98
30.57,19.08,6.1,0.29,2.02
34.03,39.05,5.81,0.98,1.53
15.64,72.19,6.06,0.81,1.77
34.72,79.57,5.28,0.72,1.87
24.21,66.73,6.94,0.43,1.96
15.31,72.25,6.54,0.35,1.72
15.05,60.9,7.01,0.73,1.82
23.26,55.56,7.21,0.55,1.71
28.06,33.07,5.79,1.09,2.09
22.69,70.35,5.43,0.53,1.76
15.51,44.59,6.53,0.83,2.0
19.38,16.59,4.37,0.33,2.03
28.97,33.67,5.94,0.38,2.15
33.64,45.0,6.99,0.26,1.92
27.62,47.17,5.29,0.41,1.76
16.52,44.53,4.66,0.22,1.82
31.46,72.42,5.72,0.33,1.91
20.42,63.43,7.57,0.48,1.7
30.88,51.77,5.44,0.88,2.0
32.0,24.91,5.3,1.03,1.5
26.92,59.82,7.17,1.15,2.04
30.23,24.46,4.66,1.12,1.78
25.19,24.68,5.4,0.78,2.01
28.9,57.47,7.65,1.0,1.84
25.14,55.24,4.17,0.51,2.16
25.21,61.68,5.36,0.98,1.71
25.08,40.45,6.92,0.53,1.82
28.04,53.2,4.3,0.33,1.77
15.89,16.76,4.58,0.54,1.81
29.24,66.39,7.93,0.55,1.55
17.82,53.77,6.04,0.67,1.89
20.66,54.6,4.0,0.53,1.92
16.23,36.32,4.16,0.97,2.09
22.49,61.26,4.59,1.05,1.71
28.31,43.82,4.82,0.97,1.61
26.93,19.0,5.23,0.68,1.69
23.39,71.87,4.42,0.36,2.08
23.46,40.21,7.4,1.1,1.86
27.05,20.23,7.72,0.69,2.09
32.54,30.2,5.02,0.83,1.89
18.54,29.49,6.37,0.66,1.95
28.6,32.16,6.65,0.31,1.63
25.37,38.89,6.62,0.46,2.01
33.79,78.83,6.46,0.65,2.11
19.0,55.39,7.83,1.01,1.67
24.13,68.28,6.5,0.91,1.66
33.77,26.52,4.2,0.35,2.04
18.07,21.97,4.27,1.06,2.18
17.84,50.78,5.79,0.91,1.5
17.25,75.13,4.03,0.62,1.68
33.04,51.06,6.87,0.46,2.19
30.44,40.96,5.69,0.57,1.73
15.62,24.14,5.18,0.42,2.1
18.28,34.81,4.92,0.89,1.93
34.35,23.28,6.44,1.04,2.19
23.34,62.9,6.63,0.2,1.71
19.14,70.96,4.39,0.8,1.88
32.97,18.44,4.16,1.06,1.76
29.96,48.95,7.93,0.22,1.63
31.42,61.9,6.78,0.57,1.77
18.18,76.4,5.74,1.12,2.11
26.01,72.92,5.39,0.62,1.74
16.74,77.74,4.06,1.11,2.08
17.78,44.51,5.39,1.08,1.99
15.48,68.95,4.44,0.76,1.54
31.29,57.11,5.83,0.47,1.57
23.02,25.45,4.48,0.88,1.75
24.61,38.98,4.12,0.43,1.83
34.29,72.29,5.78,0.68,1.64
23.48,67.33,5.49,0.31,2.1
15.19,51.64,6.5,0.63,1.92
17.79,28.07,6.85,1.2,1.6
33.9,30.57,6.38,0.65,1.53
25.73,37.93,4.75,0.86,2.03
33.39,15.6,4.8,0.97,1.93
17.96,46.14,5.07,1.11,1.94
21.03,75.32,7.73,0.52,1.68
24.43,79.03,5.71,0.63,1.98
20.19,25.6,4.61,0.62,1.8
31.86,59.12,5.44,0.24,1.71
25.85,73.77,7.34,0.48,2.03
30.84,19.44,6.87,0.82,2.18
26.64,50.99,5.64,0.24,2.17
25.44,74.98,5.4,0.55,1.69
18.76,28.17,5.71,0.79,2.18
27.25,41.35,7.17,0.59,1.86
23.65,57.39,4.74,0.53,2.16
33.18,23.69,5.25,0.4,1.95
30.28,22.94,6.89,0.36,1.89
19.82,28.39,6.3,0.73,1.85
29.42,62.6,7.22,1.18,1.88
26.16,66.2,4.62,0.3,1.76
25.79,62.05,7.85,0.49,1.8
16.51,42.41,7.62,0.61,2.11
20.88,65.12,6.96,1.0,1.74
34.75,34.0,7.66,0.86,2.1
21.29,42.81,5.75,0.98,1.51
19.99,43.14,7.43,0.86,1.95
28.18,19.14,5.3,1.18,1.56
21.57,49.17,7.87,1.0,2.04
23.64,38.5,5.63,0.28,2.16
22.21,22.27,4.77,0.29,1.69
28.36,50.51,5.22,0.31,1.76
18.34,61.34,4.91,0.3,1.75
22.4,79.81,7.14,0.6,2.16
33.83,53.35,6.61,0.89,1.79
33.33,47.27,6.38,0.81,1.76
33.58,32.04,6.71,1.16,1.84
20.57,74.86,5.6,1.04,1.64
23.55,32.65,7.19,0.37,1.52
27.18,58.4,4.53,0.51,1.74
31.0,15.77,6.19,0.6,1.78
27.49,64.95,6.81,0.86,1.63
24.99,74.38,5.01,0.58,1.62
21.06,43.49,6.91,0.51,1.93
26.27,48.66,4.56,0.59,1.87
21.01,39.94,4.21,0.69,1.7
21.26,67.78,5.72,0.52,1.84
21.97,26.12,4.32,0.34,2.03
22.77,65.23,5.23,0.65,1.78
24.78,21.31,7.18,1.01,1.73
18.75,38.83,6.82,0.33,1.66
19.55,48.2,6.76,0.45,1.91
19.31,16.32,4.6,0.68,1.57
17.57,63.76,5.66,1.17,1.56
16.15,27.37,7.82,0.3,1.56
17.31,62.41,4.66,0.77,2.16
20.95,15.91,7.0,0.54,2.02
21.0,54.02,6.83,0.43,1.74
23.9,55.36,7.87,0.72,1.72
32.5,32.61,4.29,0.67,2.16
25.28,31.23,7.2,1.15,1.8
20.83,58.0,5.85,0.41,2.0
17.07,31.93,7.34,0.54,1.99
25.17,32.92,5.76,0.92,1.97
34.08,65.87,4.15,0.76,2.19
32.54,71.54,6.4,1.14,1.65
28.17,52.35,6.06,0.65,1.6
15.92,42.45,4.85,1.04,1.9
21.99,59.3,5.68,1.03,1.73
29.16,16.67,6.12,1.16,2.05
30.39,37.34,7.44,0.54,1.61
22.11,18.61,4.11,0.9,1.55
34.66,35.33,5.17,0.62,2.06
18.43,28.89,5.85,0.91,1.96
20.94,18.86,6.11,0.42,1.88
34.25,29.0,6.74,0.5,2.11
29.39,40.54,6.27,0.31,2.05
22.81,24.75,6.58,0.85,2.1
16.9,61.99,5.93,0.58,2.02
34.37,37.7,4.2,0.84,1.6
29.58,45.84,5.97,1.16,1.84
34.43,54.89,6.55,1.09,1.9
16.57,45.6,5.92,0.26,2.0
23.52,34.37,7.4,0.28,1.93
20.06,17.87,7.76,0.73,2.06
26.2,64.85,4.34,1.11,2.11
23.96,31.26,5.88,1.1,1.91
18.18,59.4,5.13,1.13,2.08
19.72,63.88,4.82,0.85,1.81
28.52,47.41,6.41,0.73,2.14
29.55,59.73,6.17,0.91,2.1
19.39,64.1,5.11,0.76,1.88
26.6,27.85,7.34,0.94,1.78
31.78,47.62,5.17,0.85,2.03
17.09,79.38,6.77,1.01,1.71
27.69,55.11,6.94,0.82,1.89
33.72,72.88,5.29,0.52,1.97
31.72,74.63,7.81,0.39,1.59
29.35,56.71,5.52,0.55,1.95
34.15,26.2,6.27,0.78,1.58
17.51,36.83,4.04,0.99,1.87
24.84,36.55,6.47,0.44,1.96
16.69,42.93,5.08,1.09,1.92
31.71,76.21,4.93,1.18,1.79
31.62,51.92,5.73,0.34,1.84
31.17,25.23,4.76,0.63,2.0
21.38,48.09,4.27,0.94,1.64
26.3,15.49,4.24,1.14,1.7
22.96,40.62,4.42,0.41,1.61
23.06,62.83,5.91,1.05,1.64
24.9,71.74,7.64,0.56,1.58
22.76,28.59,4.01,1.01,1.71
32.06,18.71,5.29,0.4,2.02
28.0,56.59,6.29,1.03,1.6
29.3,51.57,7.53,0.54,2.14
31.37,17.12,4.96,0.36,2.07
29.9,58.1,7.26,0.48,1.66
21.95,25.39,7.41,0.37,1.99
18.71,74.21,4.78,1.14,1.98
23.94,77.03,7.3,0.74,2.17
34.45,62.25,5.59,0.77,1.93
27.8,76.44,6.59,0.47,1.87
30.9,25.28,5.02,0.83,1.9
24.36,16.4,4.04,0.51,1.68
24.41,26.99,7.4,1.16,1.81
32.38,77.93,6.26,0.95,2.01
32.34,42.69,5.09,1.01,2.1
18.27,25.14,6.42,0.75,1.58
34.13,52.14,6.39,0.64,1.9
24.64,16.5,7.55,0.96,1.94
25.83,68.2,5.97,0.25,2.05
31.47,78.44,4.93,1.08,1.58
17.72,73.63,5.71,0.41,2.09
21.9,37.14,5.7,0.45,1.65
27.57,44.23,4.99,1.2,1.96
21.6,16.83,7.19,1.18,2.16
24.59,22.66,4.12,0.57,1.66
26.08,73.08,5.41,1.14,1.57
18.69,36.25,4.4,1.19,1.79
15.57,30.76,4.5,0.56,1.88
33.46,29.59,5.73,0.98,2.16
28.99,32.94,7.06,0.83,1.66
20.12,23.81,7.13,0.27,1.77
32.14,56.97,4.96,0.8,1.66
34.42,18.57,5.62,0.79,1.8
20.64,23.06,5.09,0.47,2.15
15.15,33.93,4.37,0.21,1.78
17.39,34.57,6.28,0.83,1.74
30.09,47.06,4.14,0.49,1.82
17.55,29.29,5.94,1.14,1.85
20.59,55.69,4.18,0.27,2.16
16.71,49.34,5.69,0.86,1.53
15.96,27.51,6.9,0.87,1.83
22.25,79.64,6.72,1.17,1.57
34.2,52.62,5.87,0.88,2.14
28.86,38.19,7.23,0.37,1.99
34.79,36.6,5.78,0.44,1.78
18.88,49.67,4.9,1.17,2.12
28.93,77.6,4.17,0.61,1.85
23.19,57.8,6.55,1.1,2.0
15.91,35.39,7.75,0.37,1.79
16.45,71.79,6.62,1.01,1.73
33.03,27.33,5.48,0.62,2.15
33.92,16.0,4.22,0.34,1.65
24.09,16.49,7.79,1.04,1.62
18.13,65.31,6.0,0.6,1.64
33.21,58.47,4.54,0.56,2.06
15.13,18.3,6.15,1.06,1.51
28.22,72.0,5.22,0.25,1.67
30.33,58.33,6.25,0.3,1.69
28.75,23.36,6.9,0.29,1.61
29.86,69.65,4.85,0.33,2.17
15.77,21.63,7.78,0.73,1.58
23.7,25.49,5.23,0.88,1.52
27.29,46.53,4.94,0.83,1.75
27.01,69.77,6.85,0.51,2.13
18.61,72.01,6.99,0.97,1.52
26.53,77.82,4.48,1.04,2.09
32.22,75.68,6.14,0.75,1.8
23.37,74.28,4.73,0.61,1.7
30.13,53.81,7.55,1.05,2.07
27.07,20.14,6.46,0.36,1.6
16.02,45.4,7.28,0.84,2.04
19.12,63.63,4.95,0.55,2.03
23.69,43.34,5.1,0.78,1.9
25.45,30.43,7.54,0.84,1.76
32.66,43.45,7.74,0.77,1.63
22.84,37.8,7.73,0.41,1.81
22.36,20.69,5.31,1.04,1.87
32.58,19.62,5.51,0.97,1.5
34.78,77.29,6.04,0.7,1.65
29.97,29.12,5.46,0.95,1.72
34.19,33.14,6.54,0.21,1.59
27.02,65.76,4.62,0.71,1.8
26.65,39.5,7.32,0.66,2.04
28.46,25.97,7.29,1.06,2.04
24.74,69.87,5.52,0.71,2.11
29.79,39.01,7.47,0.58,1.75
32.11,70.85,7.83,0.38,1.69
27.11,17.99,6.24,1.06,2.13
33.85,56.32,4.07,0.25,1.66
22.47,69.99,7.57,0.46,1.52
23.01,23.14,5.91,1.12,2.13
24.8,22.82,7.46,0.25,1.61
18.57,30.33,6.68,0.29,1.55
29.45,19.23,6.69,0.94,2.04
23.15,52.78,4.06,0.9,2.14
31.81,35.21,7.84,0.29,1.74
15.83,23.73,6.33,1.17,2.19
16.63,16.96,5.13,0.72,1.98
20.8,34.74,7.91,0.77,1.73
16.12,77.92,7.95,0.97,2.09
15.85,36.7,6.26,0.74,1.74
21.37,36.11,4.84,0.43,1.54
29.62,23.54,5.47,0.25,1.87
23.72,59.49,6.64,0.23,2.06
27.96,25.59,7.36,0.33,1.86
23.6,48.87,7.49,0.67,2.14
18.84,47.5,7.18,0.82,1.71
29.13,64.18,7.03,0.42,1.63
28.69,36.02,4.98,0.29,1.72
16.65,40.76,7.97,0.91,2.03
32.09,21.9,7.96,1.02,1.54
30.69,76.62,4.5,1.13,1.77
21.52,27.48,4.29,0.94,1.85
32.99,40.7,6.89,0.86,1.59
23.31,64.63,4.31,0.49,2.12
15.0,70.1,4.79,0.43,1.99
20.38,65.27,4.3,0.69,1.94
16.27,78.21,6.92,0.21,1.87
19.63,79.34,5.96,0.7,1.81
27.51,18.08,5.11,1.03,2.09
26.22,24.38,4.07,1.11,1.64
25.58,63.04,4.31,0.98,1.55
32.81,77.22,4.25,0.49,1.92
18.45,36.99,6.84,0.59,1.68
32.73,50.13,7.23,0.41,2.09
27.76,56.1,7.89,0.8,1.63
15.67,42.61,6.72,0.21,2.09
33.6,26.89,4.55,0.33,1.63
29.47,31.49,4.72,1.09,1.87
20.9,15.4,6.01,0.89,1.8
20.79,60.24,6.07,0.8,2.13
30.53,20.99,7.69,1.2,1.77
32.01,41.58,6.87,1.17,1.8
25.5,35.72,6.79,0.21,1.65
29.65,29.92,6.53,0.85,1.87
29.53,29.31,6.09,0.55,2.13
21.84,28.91,5.34,0.42,1.62
32.17,15.78,7.45,0.34,1.66
20.21,19.94,7.11,1.12,1.57
15.75,23.03,8.0,0.56,2.15
24.26,43.25,5.99,0.47,1.7
19.7,19.53,6.31,0.62,2.05
29.08,24.72,6.75,1.08,1.87
19.9,63.72,4.64,0.66,2.17
16.26,75.64,7.36,0.21,1.74
24.69,27.74,7.68,0.67,1.55
19.61,66.75,4.46,0.93,1.51
34.56,57.56,7.66,0.81,1.91
26.61,70.55,5.19,1.15,2.02
26.44,66.57,6.88,0.58,1.6
18.01,34.13,6.22,0.79,1.54
15.54,45.22,6.95,0.6,1.57
15.26,15.33,7.59,0.31,1.77
15.81,56.75,6.21,0.66,1.66
32.02,52.73,4.61,0.65,2.12
21.75,67.48,5.34,1.19,1.72
24.17,36.85,4.44,1.07,1.84
34.54,63.41,6.13,0.92,1.88
30.97,37.38,7.61,1.18,2.19
27.47,38.61,7.21,0.9,1.95
20.5,75.97,4.32,0.23,1.51
23.83,77.47,5.74,0.77,1.97
25.42,61.53,4.24,1.13,1.68
34.96,60.12,4.86,0.91,2.18
31.94,45.8,6.33,0.61,1.9
29.73,55.54,7.27,0.45,1.86
21.78,73.93,7.7,0.36,2.17
17.36,43.56,7.36,0.41,2.01
17.62,72.61,7.5,0.4,1.95
15.42,71.19,5.2,0.22,1.52
19.22,46.63,7.69,0.89,1.73
32.28,61.06,4.35,0.96,1.62
20.62,22.76,4.7,0.26,2.0
27.33,45.32,6.35,0.68,1.64
33.44,68.99,7.84,0.59,1.92
24.97,25.1,7.67,0.22,2.09
30.59,79.21,5.58,1.13,2.03
20.36,26.61,4.87,1.04,2.15
28.45,77.66,5.21,0.74,1.89
33.99,75.52,5.89,0.57,1.58
27.8,40.29,4.79,0.28,1.62
20.98,75.21,7.3,0.87,1.86
27.39,30.62,6.18,0.72,1.82
17.0,77.13,4.55,1.07,2.17
30.54,34.89,6.34,0.66,2.02
18.23,47.91,6.19,1.13,2.18
23.8,16.1,7.72,0.69,2.13
30.24,46.2,4.17,1.03,1.91
32.62,60.64,7.67,0.86,1.57
25.31,46.94,7.2,0.79,2.19
26.36,42.02,4.28,0.43,1.63
18.94,29.4,6.08,0.47,1.97
29.48,57.64,7.29,0.99,1.91
15.09,67.8,5.95,1.12,1.66
19.76,35.63,6.05,0.71,1.61
21.66,65.38,4.49,0.23,1.91
30.4,36.15,4.36,1.03,1.53
33.18,51.71,6.56,0.89,1.71
22.3,73.19,4.64,0.39,1.55
17.58,46.45,7.22,1.03,1.54
23.14,27.67,5.67,0.79,1.92
21.94,21.22,5.55,0.79,1.65
21.21,27.58,5.59,0.73,2.05
23.06,54.47,4.59,0.36,2.09
30.07,39.55,4.35,0.57,1.85
19.93,21.46,5.51,0.93,1.62
21.71,68.62,7.78,1.06,1.94
17.64,73.63,7.05,0.95,1.73
22.13,79.27,5.8,0.27,1.55
24.05,62.69,7.31,0.53,1.86
33.82,50.44,7.0,0.6,2.2
26.88,33.58,7.63,0.27,1.59
26.55,54.36,7.7,0.79,1.79
19.94,47.74,6.02,0.67,2.07
22.68,50.91,7.07,0.37,1.6
21.48,76.84,4.12,0.45,1.77
21.2,52.02,7.12,0.99,1.71
30.99,29.85,4.74,0.38,1.67
31.96,17.36,5.84,0.6,1.81
18.41,28.29,5.57,0.99,2.08
18.64,71.65,6.44,0.81,1.69
17.35,35.6,7.89,1.18,2.03
23.28,22.2,4.92,0.36,1.68
26.56,67.64,7.23,0.38,1.76
18.08,44.29,6.59,0.99,2.18
22.99,51.11,5.32,0.88,1.51
19.26,16.11,7.0,0.75,1.67
32.71,21.61,6.07,0.35,1.83
18.15,68.4,5.56,1.16,1.6
22.85,17.74,6.7,0.52,2.17
16.32,71.37,4.08,0.62,1.74
16.21,73.84,7.48,0.82,1.97
30.19,53.61,7.34,0.39,1.65
32.85,45.5,7.8,0.9,1.58
31.19,32.81,5.75,0.61,2.03
24.56,65.64,4.51,0.3,1.89
22.34,68.86,5.57,0.29,2.02
18.31,51.5,7.49,0.63,1.88
26.33,49.98,5.21,1.1,1.78
24.88,24.61,4.57,0.24,2.0
15.66,43.02,5.2,1.07,2.16
24.93,27.26,6.52,0.87,2.18
34.4,25.04,5.28,1.07,1.62
19.26,20.78,6.03,0.31,1.94
26.44,21.89,7.7,0.79,2.11
22.97,65.06,7.35,0.77,1.78
20.54,76.06,6.86,0.3,1.96
17.54,39.67,4.52,1.11,2.19
27.27,70.0,5.76,0.72,1.84
30.63,79.13,4.61,0.21,1.92
25.82,58.05,5.91,0.64,1.99
30.71,31.1,6.22,0.35,2.12
32.19,35.23,5.58,0.81,2.13
27.52,35.11,7.7,1.04,1.83
16.59,20.12,6.03,0.51,1.96
28.42,44.36,7.15,0.77,1.61
15.88,50.7,7.45,0.5,1.71
20.46,75.42,4.97,0.42,1.98
22.61,53.72,5.03,0.2,2.19
33.74,73.25,7.91,0.43,1.71
33.13,69.17,6.45,1.0,2.15
21.09,55.2,5.33,0.8,1.95
31.24,60.1,7.39,1.12,1.52
26.82,47.89,4.4,0.22,2.02
17.13,46.07,4.72,0.75,1.87
17.0,22.41,6.83,1.09,1.56
34.95,17.16,7.35,0.51,2.12
15.95,71.04,5.61,0.72,1.59
15.72,21.82,4.43,0.23,1.97
33.37,57.15,6.57,1.0,1.82
16.19,37.22,7.96,0.94,1.72
23.58,33.01,7.04,0.96,1.75
32.27,31.17,6.28,1.02,2.08
32.83,19.36,4.21,0.3,1.77
17.93,31.7,5.89,0.45,1.83
20.17,74.46,5.9,0.31,1.8
34.99,51.88,4.34,0.59,1.52
34.0,16.2,6.36,0.41,1.84
24.24,76.14,6.93,1.13,1.94
28.29,53.22,5.15,0.96,1.73
27.65,70.38,4.77,0.84,2.18
27.16,75.77,7.15,0.65,1.52
32.7,68.69,4.45,0.79,1.96
25.09,79.94,6.55,0.26,2.03
34.1,32.54,6.66,0.28,2.06
34.84,64.29,6.83,0.27,1.65
20.69,74.53,5.75,0.33,1.78
21.04,20.85,4.87,1.14,1.91
27.71,40.9,5.31,0.43,2.15
21.53,56.17,6.98,0.8,2.0
22.91,71.16,5.25,0.24,2.06
29.33,40.01,4.33,0.26,1.53
25.49,49.97,7.14,1.07,1.58
26.74,67.54,5.12,1.13,1.72
17.04,30.71,4.39,0.23,1.73
32.34,62.5,7.94,0.62,1.66
18.6,39.42,5.46,0.88,1.79
31.85,23.88,4.68,0.74,2.08
19.35,35.87,5.96,0.7,1.92
33.26,34.08,5.16,1.02,2.16
18.37,38.56,4.12,1.06,1.7
22.7,41.86,5.45,0.36,1.86
15.79,51.82,5.5,0.9,1.75
16.49,67.67,7.94,0.78,1.62
21.34,45.26,4.48,0.83,1.65
31.76,50.34,5.14,0.42,1.5
26.38,37.95,7.19,0.93,1.76
32.06,58.71,5.5,0.58,1.9
19.5,62.36,4.75,0.32,1.84
22.31,37.48,4.97,0.92,1.57
31.3,63.96,6.34,0.76,1.92
26.41,68.1,5.38,0.4,1.56
17.49,69.36,5.16,0.82,1.79
15.6,78.7,7.48,0.38,2.1
28.37,47.99,5.54,0.63,1.98
30.76,52.85,4.88,0.68,1.96
20.71,77.38,6.22,1.08,2.11
31.54,74.06,7.9,0.58,1.93
27.91,50.65,6.37,1.11,1.68
30.94,74.55,4.88,0.5,2.12
17.42,20.6,4.67,0.7,1.77
26.46,51.43,5.55,0.24,1.69
19.17,48.44,4.71,0.63,1.97
17.83,43.94,7.42,0.68,1.53
34.28,23.24,7.32,0.29,2.18
29.31,70.76,7.31,1.04,1.93
16.28,53.01,7.13,0.7,1.56
28.16,33.74,6.34,1.15,2.06
21.4,58.63,7.86,0.57,1.82
15.11,50.18,5.38,0.45,1.72
30.73,41.94,4.95,1.01,2.05
31.51,64.43,6.28,0.87,1.96
21.26,34.23,5.26,0.37,1.88
29.01,45.13,7.54,0.4,1.51
31.49,31.97,5.53,1.11,1.83
32.45,65.96,5.65,0.38,1.78
33.53,15.29,5.25,0.56,2.14
17.33,69.02,4.49,0.76,1.61
30.75,38.12,7.64,0.91,1.88
25.4,36.48,7.59,0.74,1.72
31.08,23.49,6.57,0.53,2.15
17.46,53.39,6.76,0.22,1.69
29.99,24.23,4.75,1.17,1.58
22.58,71.43,4.24,0.97,1.94
34.73,24.55,7.1,0.94,1.92
22.15,51.31,6.0,1.15,1.94
27.87,19.35,4.26,0.75,1.84
24.02,27.17,7.42,0.61,1.97
27.14,62.58,5.81,1.09,2.08
28.72,17.67,5.65,0.78,1.5
16.97,73.15,6.75,0.89,1.68
28.27,48.07,4.57,0.69,2.1
33.29,34.69,4.94,0.46,1.54
25.24,78.6,6.77,0.3,2.01
23.17,34.86,4.77,0.35,1.75
33.95,36.39,7.71,0.95,2.01
19.79,18.38,5.32,0.96,1.76
16.12,28.78,5.48,0.44,1.68
30.68,18.92,5.55,1.1,1.6
16.34,34.54,7.86,0.96,1.98
17.2,18.19,6.88,0.65,1.75
19.87,20.53,7.26,0.21,2.05
20.3,53.54,6.25,0.6,1.74
24.7,37.66,6.91,1.14,1.79
18.04,63.03,6.64,0.74,2.06
30.62,78.26,7.95,0.27,1.69
31.36,71.57,7.16,0.78,2.07
25.04,38.7,4.23,1.15,1.59
23.2,18.46,6.61,0.64,1.67
17.64,54.18,6.19,0.29,1.89
25.57,79.72,4.15,1.15,1.99
34.06,56.88,6.07,0.81,1.89
32.25,79.9,6.82,0.87,2.02
34.31,57.24,4.1,0.39,2.13
29.42,65.53,6.4,0.36,1.9
24.36,31.71,7.27,0.89,1.55
28.48,17.51,7.73,0.95,2.03
24.23,20.31,4.46,0.22,1.98
24.48,22.9,5.45,0.83,1.83
31.84,32.42,4.63,0.43,2.17
16.78,57.75,4.82,0.74,2.03
30.48,25.83,7.58,0.3,1.81
22.17,69.81,5.36,0.81,2.06
32.59,32.34,6.2,0.37,2.2
26.26,65.97,6.52,0.92,1.67
15.22,33.28,6.49,1.2,1.64
22.54,61.55,5.14,0.75,1.59
27.66,39.18,6.14,1.08,1.51
31.07,66.49,6.15,0.25,1.81
28.77,69.72,4.26,0.37,1.55
30.02,42.32,7.62,1.05,2.07
27.36,75.51,4.89,0.49,1.51
21.83,48.84,4.6,0.52,2.2
28.79,19.82,5.85,0.38,2.1
30.04,45.97,4.28,0.62,2.07
16.42,38.39,4.02,0.85,1.7
19.69,22.06,4.24,0.33,1.84
28.0,50.06,5.32,1.03,1.96
19.41,54.7,7.39,0.48,2.0
31.52,69.51,5.83,0.5,1.51
16.82,32.38,7.16,1.19,2.11
29.04,71.29,6.13,0.52,1.97
24.31,17.65,5.77,0.61,1.8
29.74,59.25,4.04,1.19,2.0
28.96,43.7,7.77,0.32,2.02
28.12,20.02,6.74,0.82,1.8
33.58,30.92,4.35,1.05,1.75
15.07,56.43,5.06,0.25,1.68
34.22,67.16,5.46,0.98,1.85
32.5,73.34,4.22,0.4,1.99
31.15,57.27,6.31,1.11,1.5
16.54,55.79,6.32,0.93,2.14
23.41,21.13,4.36,0.96,1.95
31.9,21.24,4.11,0.38,1.74
20.25,73.46,4.26,0.76,1.64
32.46,68.55,5.82,0.89,1.89
28.41,36.92,6.77,0.23,2.18
18.79,17.56,6.3,0.31,1.52
20.15,57.86,7.61,1.02,1.8
32.9,64.23,7.08,0.91,2.17
22.63,28.56,4.98,1.17,2.07
29.72,54.78,7.09,0.91,1.75
17.97,60.57,4.41,0.53,1.81
31.04,37.5,6.8,0.54,1.93
29.1,56.07,6.95,0.65,2.12
33.46,72.98,7.61,0.86,1.83
30.82,28.5,4.02,0.64,1.59
19.74,47.03,5.05,0.97,1.52
33.94,46.83,6.04,0.69,1.67
25.67,62.97,4.31,1.11,1.61
22.5,57.32,5.08,1.08,2.04
17.27,59.7,7.85,0.44,1.56
26.75,46.76,5.7,0.39,1.51
24.14,67.25,6.64,0.73,1.58
28.83,17.42,4.14,0.34,1.85
25.48,50.87,7.72,0.94,1.85
29.68,19.95,7.75,0.59,1.59
29.77,46.08,6.32,0.34,1.7
27.92,57.94,5.41,0.74,1.89
19.6,46.89,4.02,0.57,1.67
16.92,49.86,4.85,0.94,2.07
19.33,61.86,4.43,0.45,1.58
31.26,67.32,7.14,0.21,1.68
21.31,51.19,4.37,0.85,2.01
16.9,29.81,5.98,0.57,1.67
19.29,29.05,4.29,0.78,1.88
23.53,66.98,5.9,0.38,1.98
32.78,39.58,6.62,0.77,1.83
18.74,30.83,5.73,0.34,2.15
15.29,60.04,7.1,0.59,2.14
15.5,47.19,6.7,0.32,1.56
16.87,28.69,5.49,0.61,1.63
20.36,72.67,4.64,0.74,1.51
16.83,78.44,7.38,0.25,1.5
34.69,67.86,4.4,1.19,1.91
21.17,65.04,6.43,0.86,1.67
24.54,49.84,4.49,0.4,1.78
31.69,68.36,6.37,0.71,1.54
26.24,61.39,6.18,0.89,1.53
20.87,40.36,4.68,1.02,2.04
24.64,65.63,4.91,0.68,2.06
26.51,71.27,7.37,0.46,1.77
25.97,35.76,4.99,0.32,2.04
24.2,15.7,5.8,0.27,1.53
27.41,64.49,4.0,0.49,2.18
18.25,29.63,4.81,0.52,2.09
18.34,69.32,7.54,0.59,1.82
29.84,35.52,6.52,0.85,2.17
33.96,21.08,4.63,0.24,2.08
22.87,38.74,4.76,0.75,1.75
27.3,59.35,5.03,1.07,1.82
15.24,60.99,7.08,0.45,1.99
25.6,43.0,7.44,0.6,1.57
26.36,55.9,4.71,0.56,1.75
22.22,31.36,7.25,1.19,1.55
32.96,30.07,5.66,1.13,1.8
32.61,23.59,7.13,0.63,1.86
